,doc_id,item,category,amount,price,discount
0,11Tfgkmh8n,Полотенце мал,Текстиль,1,500,0
1,11kTw9L14A,Стакан синий,Посуда,1,220,12
2,11yeVyoB9R,Comet чистящее средство,Бытовая химия,5,170,0
3,11OL1Tm1Nr,Стакан синий,Посуда,5,220,0
4,11OL1Tm1Nr,Наволочка квадратная,Текстиль,2,600,0
5,116K8Ua23U,Канцелярский нож,Канцтовары,2,80,0
6,11mtRmMgDU,Ручка красная,Канцтовары,5,50,0
7,11mtRmMgDU,Полотенце бол,Текстиль,2,1100,5
8,111Vvgi6eD,Comet чистящее средство,Бытовая химия,2,170,0
9,11gQHK1gMr,Тарелка бол,Посуда,3,220,0
10,11gQHK1gMr,Comet чистящее средство,Бытовая химия,4,170,0
11,11DeohR2fA,Отвертка - бол,Инструменты,5,130,0
12,11xhp7FPaw,Comet чистящее средство,Бытовая химия,5,170,0
13,11xhp7FPaw,Отвертка - мал,Инструменты,4,80,9
14,11EGPLvSQl,Малярный скотч,Канцтовары,5,60,0
15,114MnE92p3,Пододеяльник 2,Текстиль,4,2200,0
16,11BsduRfDf,Ручка зеленая,Канцтовары,5,50,5
17,11sci1AIq7,Отвертка - бол,Инструменты,2,130,1
18,11sci1AIq7,Тарелка мал,Посуда,3,150,0
19,11kOztQVBt,Ручка синяя,Канцтовары,3,50,0
20,11KRgPcgVI,Полотенце мал,Текстиль,2,500,0
21,11zloLPuKN,Тарелка мал,Посуда,3,150,0
22,11zloLPuKN,Comet чистящее средство,Бытовая химия,5,170,6
23,11Dlq6hCv2,Наволочка квадратная,Текстиль,1,600,0
24,11Dlq6hCv2,Простынь 1.5,Текстиль,1,1500,12
25,111oX1w4YH,Ручка красная,Канцтовары,5,50,0
26,11U86SfXRd,Канцелярский нож,Канцтовары,5,80,0
27,11F1ji7ApU,Отвертка - мал,Инструменты,3,80,0
28,11fEp8Kc82,AOS моющее средство,Бытовая химия,2,130,0
29,11Yik85irq,Fairy моющее средство,Бытовая химия,3,150,0
30,11Yik85irq,Простынь 2,Текстиль,2,2100,0
31,11LXXIjHE6,Простынь 1.5,Текстиль,5,1500,11
32,114itiSRyI,Набор блюдец,Посуда,4,470,0
33,11SNYfClWh,Стакан черный,Посуда,2,220,0
34,11pEbgadS7,Простынь 2,Текстиль,5,2100,0
35,11Yx3UIJC7,Малярный скотч,Канцтовары,4,60,15
36,11Yx3UIJC7,Стакан черный,Посуда,1,220,0
37,116kDsyQ4l,Отвертка - мал,Инструменты,5,80,13
38,116kDsyQ4l,AOS моющее средство,Бытовая химия,3,130,13
39,11qIMRIqwU,Отвертка + бол,Инструменты,2,130,15
40,11qIMRIqwU,Бокорезы,Инструменты,2,300,0
41,11VtXjxiAv,Тарелка мал,Посуда,1,150,0
42,11VtXjxiAv,Тарелка бол,Посуда,2,220,0
43,11cN2s8Waj,Наволочка квадратная,Текстиль,1,600,3
44,11Ngt9W5ON,Ручка зеленая,Канцтовары,1,50,0
45,11Ngt9W5ON,Бокорезы,Инструменты,2,300,13
46,113V3LzF4Q,Стакан синий,Посуда,3,220,0
47,11Q9DoEuTf,Fairy моющее средство,Бытовая химия,1,150,0
48,11sSVxzYK5,Плоскогубцы,Инструменты,3,320,0
49,11sSVxzYK5,Стакан синий,Посуда,1,220,0
50,11LQSsYDpO,Ручка зеленая,Канцтовары,4,50,0
51,11lDsmTs6e,Стакан черный,Посуда,4,220,0
52,11lDsmTs6e,Набор кастрюль,Посуда,4,3500,0
53,11kmgXyiqt,Тарелка мал,Посуда,3,150,0
54,11Cy85I3po,Отвертка - бол,Инструменты,4,130,0
55,11ayvmVidb,Простынь 1,Текстиль,4,1200,0
56,11ayvmVidb,Пододеяльник 1,Текстиль,3,1500,0
57,11A9fu4SjC,Бокорезы,Инструменты,2,300,0
58,112Flqqb4o,Набор кастрюль,Посуда,3,3500,0
59,112Flqqb4o,Ручка синяя,Канцтовары,5,50,0
60,11go2a0El6,AOS моющее средство,Бытовая химия,4,130,4
61,11zLLV3lb6,Полотенце бол,Текстиль,5,1100,0
62,11PnJguoWJ,Отвертка - мал,Инструменты,1,80,0
63,11Q5O0z7ip,Отвертка + бол,Инструменты,5,130,15
64,117EEKfthr,Простынь 2,Текстиль,5,2100,0
65,11JkDnTNpb,Отвертка + бол,Инструменты,5,130,2
66,11Ehhyq9ag,Отвертка + мал,Инструменты,1,80,0
67,11Ehhyq9ag,Fairy моющее средство,Бытовая химия,5,150,0
68,11JVj3djNE,Малярный скотч,Канцтовары,3,60,0
69,11JVj3djNE,Fairy моющее средство,Бытовая химия,4,150,0
70,11C63jTTLI,Набор блюдец,Посуда,1,470,0
71,11zoijZodA,Набор кастрюль,Посуда,4,3500,0
72,11zoijZodA,Набор блюдец,Посуда,1,470,0
73,11SUswan2Y,Малярный скотч,Канцтовары,2,60,0
74,11SUswan2Y,Наволочка квадратная,Текстиль,5,600,0
75,11yQR5nnCj,Ручка зеленая,Канцтовары,4,50,0
76,11wO9NWRRv,Плоскогубцы,Инструменты,1,320,0
77,11wO9NWRRv,Бумага 100 листов,Канцтовары,1,600,0
78,11zGWkefUo,Наволочка прямоугольная,Текстиль,5,650,0
79,119SV2bhmx,Ручка зеленая,Канцтовары,2,50,2
80,11ybkmyBI6,Крот средство от засоров,Бытовая химия,3,120,0
81,11zKVmbTjR,AOS моющее средство,Бытовая химия,4,130,0
82,1192k8lur3,Набор кастрюль,Посуда,4,3500,0
83,1192k8lur3,Простынь 2,Текстиль,4,2100,14
84,11qjGyXCby,Бокорезы,Инструменты,1,300,0
85,11qjGyXCby,Стакан синий,Посуда,1,220,0
86,11JuZgWKgp,Полотенце мал,Текстиль,4,500,5
87,11JuZgWKgp,Крот средство от засоров,Бытовая химия,3,120,0
88,118CsxqVz5,Плоскогубцы,Инструменты,2,320,0
89,11tcgNObmb,Тарелка мал,Посуда,4,150,0
90,11ZclQemic,Ручка синяя,Канцтовары,3,50,6
91,11ZclQemic,Comet чистящее средство,Бытовая химия,5,170,7
92,11n5PbmhPy,Ручка синяя,Канцтовары,5,50,15
93,11n5PbmhPy,Пододеяльник 2,Текстиль,4,2200,0
94,11nGmTyicH,Набор кастрюль,Посуда,2,3500,6
95,11nGmTyicH,Fairy моющее средство,Бытовая химия,5,150,0
96,11y2qTBi1b,Comet чистящее средство,Бытовая химия,2,170,3
97,11oca2tOLO,Наволочка прямоугольная,Текстиль,1,650,0
98,11oca2tOLO,Полотенце бол,Текстиль,1,1100,0
99,11FNmEEMU8,Ручка зеленая,Канцтовары,2,50,3
100,11FNmEEMU8,Наволочка прямоугольная,Текстиль,5,650,0
101,117O99dFWs,Простынь 2,Текстиль,2,2100,5
102,117O99dFWs,Тарелка бол,Посуда,4,220,0
103,11UQmsK5wZ,Плоскогубцы,Инструменты,5,320,0
104,11mP2LgSoE,Отвертка - бол,Инструменты,1,130,0
105,11mP2LgSoE,Пододеяльник 1.5,Текстиль,5,1700,0
106,11YXTgHqTI,Тарелка мал,Посуда,2,150,0
107,11YXTgHqTI,Простынь 2,Текстиль,4,2100,5
108,11z2Ghi55J,Comet чистящее средство,Бытовая химия,4,170,8
109,11GwMIZW9N,Набор блюдец,Посуда,2,470,0
110,11Dx6FG3Gg,Пододеяльник 1,Текстиль,1,1500,4
111,11Zp81FNaG,Fairy моющее средство,Бытовая химия,3,150,0
112,11Zp81FNaG,Тарелка бол,Посуда,4,220,0
113,11urFY9zY3,Наволочка квадратная,Текстиль,2,600,9
114,11guJp6DJH,Набор кастрюль,Посуда,1,3500,0
115,119JISNwee,Наволочка квадратная,Текстиль,1,600,0
116,11kzHivxB6,Пододеяльник 1.5,Текстиль,1,1700,0
117,11rQIQilST,Ручка синяя,Канцтовары,2,50,0
118,11KtTDAa5z,Простынь 1,Текстиль,5,1200,0
119,11KtTDAa5z,Пододеяльник 1.5,Текстиль,4,1700,7
120,11sObpY7Yi,AOS моющее средство,Бытовая химия,1,130,0
121,11sObpY7Yi,Тарелка бол,Посуда,1,220,6
122,11qEydtKme,Бокорезы,Инструменты,2,300,0
123,11qEydtKme,Набор блюдец,Посуда,5,470,0
124,11E5IYP9HY,Бокорезы,Инструменты,2,300,0
125,11TBCGoQgb,Ручка синяя,Канцтовары,5,50,0
126,117QMBVlOx,Стакан черный,Посуда,2,220,8
127,11GzjQaDf4,Тарелка мал,Посуда,3,150,0
128,11GzjQaDf4,Простынь 2,Текстиль,2,2100,0
129,11u4hUwVTS,Набор кастрюль,Посуда,2,3500,0
130,11ovswTx5N,Стакан синий,Посуда,3,220,10
131,11PBYPkU20,Пододеяльник 2,Текстиль,5,2200,0
132,11PBYPkU20,Канцелярский нож,Канцтовары,4,80,0
133,11HIw1RIUA,Ручка зеленая,Канцтовары,2,50,0
134,110v9dXSeZ,Стакан черный,Посуда,1,220,8
135,110v9dXSeZ,Простынь 1,Текстиль,4,1200,0
136,11azkSXMnw,Крот средство от засоров,Бытовая химия,1,120,2
137,11PUcFGUH9,Пододеяльник 2,Текстиль,4,2200,8
138,11PUcFGUH9,Наволочка квадратная,Текстиль,3,600,10
139,11ZurRIWlO,Канцелярский нож,Канцтовары,2,80,0
140,11ZurRIWlO,Отвертка - мал,Инструменты,5,80,0
141,11cfLqBe76,Ручка красная,Канцтовары,2,50,0
142,11cfLqBe76,Набор кастрюль,Посуда,4,3500,4
143,11FB07ILBj,Наволочка прямоугольная,Текстиль,3,650,14
144,11FB07ILBj,Пододеяльник 1.5,Текстиль,2,1700,0
145,11nQGmXZY6,Простынь 1.5,Текстиль,1,1500,0
146,11ws93znqV,Ручка синяя,Канцтовары,1,50,7
147,11ws93znqV,Пододеяльник 1,Текстиль,3,1500,0
148,11fQccrnBX,Набор блюдец,Посуда,2,470,0
149,11fQccrnBX,Плоскогубцы,Инструменты,5,320,0
150,11OYJF5zvr,Стакан синий,Посуда,4,220,7
151,112NHVIhws,Тарелка бол,Посуда,3,220,4
152,11S9kljvdK,Простынь 1.5,Текстиль,2,1500,0
153,11KBUT3aRf,Плоскогубцы,Инструменты,3,320,0
154,11U0vxwrdt,Пододеяльник 1.5,Текстиль,2,1700,0
155,11U0vxwrdt,Плоскогубцы,Инструменты,1,320,0
156,119XKPlmSK,Тарелка мал,Посуда,4,150,0
157,11ij7zDJqS,Пододеяльник 2,Текстиль,5,2200,0
158,11bERk0VMr,Ручка зеленая,Канцтовары,2,50,0
159,11A2ZqWxa3,Наволочка прямоугольная,Текстиль,3,650,0
160,11A2ZqWxa3,Простынь 1,Текстиль,3,1200,0
161,11ppCbhZOM,Стакан синий,Посуда,2,220,0
162,11ppCbhZOM,Пододеяльник 1,Текстиль,3,1500,0
163,11zH4Sru2V,Крот средство от засоров,Бытовая химия,1,120,2
164,11zH4Sru2V,Полотенце бол,Текстиль,3,1100,0
165,116bJxxHbL,Простынь 1.5,Текстиль,2,1500,6
166,116bJxxHbL,Ручка красная,Канцтовары,5,50,0
167,11hi5bBYMH,Наволочка прямоугольная,Текстиль,4,650,0
168,11PEozEXRs,Пододеяльник 1,Текстиль,3,1500,3
169,11PEozEXRs,Простынь 2,Текстиль,4,2100,0
170,11ndCB610k,Ручка синяя,Канцтовары,4,50,0
171,11ilbPJHb5,Полотенце мал,Текстиль,2,500,0
172,11uBpz3SRV,Отвертка - бол,Инструменты,5,130,0
173,11NMahKZCd,Простынь 1,Текстиль,1,1200,0
174,11pOsJibdK,Стакан синий,Посуда,5,220,12
175,11pOsJibdK,Пододеяльник 1,Текстиль,1,1500,0
176,11K9S48jpE,Полотенце мал,Текстиль,4,500,0
177,11loB8ndfv,Отвертка - бол,Инструменты,3,130,0
178,11OBTvIfL9,Полотенце бол,Текстиль,4,1100,0
179,11G2OrjYoX,Пододеяльник 1.5,Текстиль,3,1700,15
180,11Y20hjkDe,Отвертка + бол,Инструменты,4,130,3
181,11Y20hjkDe,Малярный скотч,Канцтовары,5,60,6
182,11Qtr9m2SA,AOS моющее средство,Бытовая химия,3,130,6
183,11Qtr9m2SA,Плоскогубцы,Инструменты,1,320,10
184,11dCKezMwn,Канцелярский нож,Канцтовары,1,80,0
185,11dCKezMwn,Крот средство от засоров,Бытовая химия,1,120,0
186,11RcAYOcNc,AOS моющее средство,Бытовая химия,1,130,12
187,11RcAYOcNc,Стакан черный,Посуда,5,220,6
188,11l3qWUJIF,Отвертка - мал,Инструменты,2,80,5
189,113uwPSlor,Отвертка - бол,Инструменты,1,130,0
190,113W2yGFuf,Ручка красная,Канцтовары,4,50,0
191,11dxH6EQ7X,Тарелка мал,Посуда,4,150,0
192,11EXkyXHVz,Полотенце мал,Текстиль,1,500,0
193,11VBsAbxH3,Набор блюдец,Посуда,1,470,0
194,11VBsAbxH3,Отвертка + мал,Инструменты,4,80,0
195,11x5wptQDf,Тарелка мал,Посуда,3,150,0
196,11C5N4myxY,Fairy моющее средство,Бытовая химия,3,150,0
197,11qAFyRT2k,Тарелка бол,Посуда,5,220,0
198,11qAFyRT2k,AOS моющее средство,Бытовая химия,5,130,0
199,11VPgkUTww,Бумага 100 листов,Канцтовары,1,600,1
200,11Ss6Sbtsr,Ручка зеленая,Канцтовары,1,50,14
201,11Ss6Sbtsr,Бумага 100 листов,Канцтовары,4,600,0
202,11XM5MviQi,Отвертка - мал,Инструменты,2,80,15
203,11XM5MviQi,Отвертка + мал,Инструменты,5,80,0
204,11cUT5plXP,Бокорезы,Инструменты,5,300,0
205,11zZUQKlIh,Канцелярский нож,Канцтовары,2,80,0
206,119ZK74lNI,Бумага 100 листов,Канцтовары,3,600,15
207,119ZK74lNI,Плоскогубцы,Инструменты,4,320,8
208,11yqNB9d3R,AOS моющее средство,Бытовая химия,5,130,3
209,11yqNB9d3R,Простынь 2,Текстиль,3,2100,10
210,11bSab4T6E,Пододеяльник 2,Текстиль,3,2200,0
211,11zHm7ndzo,Пододеяльник 1.5,Текстиль,2,1700,0
212,11lNehbIfG,Пододеяльник 2,Текстиль,2,2200,0
213,11lNehbIfG,Бумага 100 листов,Канцтовары,5,600,0
214,110Nr00mQ8,Отвертка + мал,Инструменты,5,80,10
215,11tpep4MrD,Плоскогубцы,Инструменты,4,320,4
216,11tpep4MrD,Отвертка + бол,Инструменты,4,130,0
217,11hcMWZx08,Полотенце бол,Текстиль,5,1100,0
218,11hcMWZx08,Отвертка + бол,Инструменты,3,130,0
219,11SobqcpP4,Отвертка - бол,Инструменты,1,130,2
220,11SobqcpP4,Бокорезы,Инструменты,1,300,8
221,11nD39YYDK,Ручка синяя,Канцтовары,1,50,0
222,11nD39YYDK,Comet чистящее средство,Бытовая химия,1,170,0
223,11HOjP2zQ2,Полотенце мал,Текстиль,5,500,0
224,11HOjP2zQ2,Пододеяльник 1,Текстиль,4,1500,0
225,11T8tnzw6q,Comet чистящее средство,Бытовая химия,3,170,4
226,11hVRAG6Ba,Наволочка прямоугольная,Текстиль,2,650,0
227,11hVRAG6Ba,Тарелка бол,Посуда,4,220,3
228,11SmmtEkwT,AOS моющее средство,Бытовая химия,5,130,3
229,11SmmtEkwT,Ручка красная,Канцтовары,3,50,10
230,11K4EnsAH1,Отвертка - бол,Инструменты,3,130,0
231,11YLZI6XKl,Пододеяльник 2,Текстиль,2,2200,2
232,11YLZI6XKl,Простынь 2,Текстиль,2,2100,0
233,11ZfZHJ8oQ,Тарелка мал,Посуда,5,150,0
234,11ZfZHJ8oQ,Пододеяльник 2,Текстиль,2,2200,0
235,11bA80CxNg,Отвертка - бол,Инструменты,3,130,0
236,11bA80CxNg,Набор блюдец,Посуда,2,470,0
237,11F0RbE03d,Пододеяльник 2,Текстиль,2,2200,1
238,11e0AE7j7P,Крот средство от засоров,Бытовая химия,5,120,0
239,11e0AE7j7P,Пододеяльник 1,Текстиль,5,1500,10
240,11p3wAoSRl,Бумага 100 листов,Канцтовары,4,600,0
241,11p3wAoSRl,Ручка зеленая,Канцтовары,5,50,0
242,11gimtE25I,Ручка красная,Канцтовары,5,50,0
243,11vSNLH0Pz,Пододеяльник 1,Текстиль,2,1500,0
244,11yxzQuPdw,Отвертка - бол,Инструменты,4,130,0
245,11yxzQuPdw,AOS моющее средство,Бытовая химия,4,130,13
246,11UywmHRBh,Тарелка мал,Посуда,3,150,0
247,11UywmHRBh,Наволочка квадратная,Текстиль,4,600,5
248,11Yp0YCXm1,AOS моющее средство,Бытовая химия,3,130,0
249,11umIHyjnU,Наволочка квадратная,Текстиль,1,600,0
250,11umIHyjnU,Тарелка мал,Посуда,1,150,0
251,11BehB0mQn,Плоскогубцы,Инструменты,1,320,13
252,11BehB0mQn,Fairy моющее средство,Бытовая химия,5,150,0
253,11Oi4J0fbX,Пододеяльник 1,Текстиль,5,1500,0
254,11FDDFkeKL,Стакан синий,Посуда,4,220,0
255,11FDDFkeKL,Ручка красная,Канцтовары,2,50,0
256,11bBq4ivpx,Полотенце мал,Текстиль,5,500,2
257,11bBq4ivpx,Простынь 1.5,Текстиль,4,1500,0
258,11xf9Oi0XO,Простынь 2,Текстиль,1,2100,0
259,11xf9Oi0XO,Ручка синяя,Канцтовары,3,50,0
260,11l54q0co8,Пододеяльник 1,Текстиль,3,1500,0
261,11l54q0co8,Канцелярский нож,Канцтовары,4,80,0
262,115UymEyzE,Стакан черный,Посуда,5,220,7
263,115UymEyzE,Пододеяльник 2,Текстиль,1,2200,3
264,11BfKsJVci,AOS моющее средство,Бытовая химия,3,130,0
265,11BfKsJVci,Тарелка бол,Посуда,1,220,15
266,11qIhOy4DU,Набор кастрюль,Посуда,3,3500,0
267,119J62WEN3,Comet чистящее средство,Бытовая химия,3,170,12
268,1142MkjYBP,Полотенце бол,Текстиль,1,1100,7
269,1142MkjYBP,Стакан черный,Посуда,4,220,0
270,112yupq2UG,Простынь 1,Текстиль,5,1200,7
271,112yupq2UG,Отвертка + бол,Инструменты,4,130,2
272,11S0wVzdhV,Простынь 2,Текстиль,5,2100,14
273,11R8WoucMt,Ручка зеленая,Канцтовары,1,50,2
274,11bpdCEp7q,Набор блюдец,Посуда,1,470,0
275,11bpdCEp7q,Ручка красная,Канцтовары,4,50,0
276,11DSQN4Wdk,Fairy моющее средство,Бытовая химия,1,150,0
277,11kP5KdM6K,Набор кастрюль,Посуда,4,3500,0
278,11kP5KdM6K,Отвертка + бол,Инструменты,3,130,0
279,11ebCnI9R6,Ручка синяя,Канцтовары,2,50,13
280,11ebCnI9R6,Бумага 100 листов,Канцтовары,3,600,0
281,11dTbw9H5C,Тарелка бол,Посуда,3,220,0
282,11dTbw9H5C,Малярный скотч,Канцтовары,5,60,4
283,11NlM6mFOP,Отвертка - бол,Инструменты,3,130,0
284,110BOwfp19,Простынь 1,Текстиль,3,1200,0
285,11kQzbpNK2,Простынь 1.5,Текстиль,2,1500,0
286,11kQzbpNK2,Канцелярский нож,Канцтовары,1,80,0
287,11xKb7c80a,Отвертка + мал,Инструменты,4,80,0
288,11xKb7c80a,Отвертка - бол,Инструменты,5,130,0
289,11hCCAWGId,Ручка синяя,Канцтовары,1,50,0
290,112fwLci0j,Ручка зеленая,Канцтовары,1,50,0
291,112fwLci0j,Пододеяльник 2,Текстиль,4,2200,0
292,11T1eo3eHN,Наволочка квадратная,Текстиль,5,600,0
293,11mui1Xk6W,Стакан синий,Посуда,3,220,15
294,11mui1Xk6W,Тарелка бол,Посуда,3,220,0
295,11i6GQU3fm,Полотенце бол,Текстиль,1,1100,0
296,11pjZPD6ke,Малярный скотч,Канцтовары,3,60,11
297,11IBlray7u,Отвертка - мал,Инструменты,4,80,11
298,11IBlray7u,Отвертка - бол,Инструменты,1,130,10
299,11MtuHjRRv,Тарелка мал,Посуда,1,150,14
300,11MtuHjRRv,Отвертка + бол,Инструменты,3,130,0
301,11ImDc0dzg,Тарелка бол,Посуда,2,220,0
302,11ImDc0dzg,Отвертка + бол,Инструменты,2,130,5
303,11GeL4AsTN,Fairy моющее средство,Бытовая химия,2,150,0
304,11GeL4AsTN,Пододеяльник 1.5,Текстиль,1,1700,0
305,11dY5yprOz,Малярный скотч,Канцтовары,2,60,0
306,11IOks5pW6,Бумага 100 листов,Канцтовары,4,600,0
307,11sdgzOJBm,Плоскогубцы,Инструменты,1,320,0
308,118SBYSxAl,Comet чистящее средство,Бытовая химия,4,170,0
309,111fHDndKR,Крот средство от засоров,Бытовая химия,4,120,12
310,111fHDndKR,Канцелярский нож,Канцтовары,1,80,0
311,11e8Mztl2D,Бокорезы,Инструменты,1,300,0
312,11e8Mztl2D,Отвертка - мал,Инструменты,3,80,0
313,118iEOGWtG,Тарелка мал,Посуда,5,150,10
314,118iEOGWtG,Малярный скотч,Канцтовары,2,60,0
315,11T3gZ1IOd,Отвертка - мал,Инструменты,4,80,0
316,11R1BlQhpJ,Полотенце бол,Текстиль,2,1100,0
317,11R1BlQhpJ,Набор блюдец,Посуда,3,470,0
318,11XQmmcltC,Простынь 1,Текстиль,2,1200,0
319,115cfFQFfm,Пододеяльник 1,Текстиль,3,1500,0
320,115cfFQFfm,Простынь 2,Текстиль,5,2100,0
321,11yQxXjsTG,Стакан синий,Посуда,3,220,13
322,114Vb4W4Kg,Тарелка мал,Посуда,5,150,0
323,114Vb4W4Kg,Fairy моющее средство,Бытовая химия,5,150,0
324,11ZlMDrE1J,Полотенце мал,Текстиль,2,500,5
325,11tnmH9BU5,Малярный скотч,Канцтовары,1,60,0
326,11tnmH9BU5,Плоскогубцы,Инструменты,5,320,0
327,11G9t8Itgi,Простынь 2,Текстиль,1,2100,8
328,11kTPRUpxW,Тарелка мал,Посуда,1,150,6
329,11Wy6dSEO4,Крот средство от засоров,Бытовая химия,4,120,0
330,11L6PtV1Ck,Comet чистящее средство,Бытовая химия,2,170,0
331,11L6PtV1Ck,Крот средство от засоров,Бытовая химия,1,120,14
332,11RtbqTDKT,Набор кастрюль,Посуда,1,3500,0
333,11IwwaVXPM,Пододеяльник 1,Текстиль,1,1500,0
334,11IwwaVXPM,Ручка синяя,Канцтовары,2,50,0
335,11RfnDszhu,Пододеяльник 2,Текстиль,1,2200,0
336,11VbzJt3sM,Наволочка квадратная,Текстиль,2,600,14
337,111yVngUwM,Наволочка прямоугольная,Текстиль,3,650,0
338,111yVngUwM,Простынь 1,Текстиль,1,1200,6
339,118qijMXlm,Канцелярский нож,Канцтовары,1,80,1
340,118qijMXlm,Малярный скотч,Канцтовары,1,60,0
341,11mYjVdAsW,Простынь 1,Текстиль,5,1200,0
342,11mYjVdAsW,Fairy моющее средство,Бытовая химия,5,150,0
343,113LiFUmsS,Полотенце мал,Текстиль,4,500,0
344,113LiFUmsS,Тарелка бол,Посуда,4,220,0
345,11WVLHvJuw,Простынь 1,Текстиль,2,1200,0
346,11mveWyDgm,Наволочка прямоугольная,Текстиль,5,650,0
347,11ZdH8xE4h,Тарелка бол,Посуда,4,220,6
348,11MnNQZtmU,Fairy моющее средство,Бытовая химия,5,150,0
349,119XDbbpuv,Крот средство от засоров,Бытовая химия,4,120,11
350,119XDbbpuv,Comet чистящее средство,Бытовая химия,5,170,0
351,11F2zXBT9y,Тарелка бол,Посуда,2,220,0
352,11F2zXBT9y,Набор кастрюль,Посуда,2,3500,0
353,11TEuhErlB,Наволочка прямоугольная,Текстиль,3,650,3
354,11TEuhErlB,Плоскогубцы,Инструменты,5,320,0
355,11r7z3x6ip,Стакан синий,Посуда,3,220,0
356,11r7z3x6ip,Бокорезы,Инструменты,3,300,12
357,11bCrH0sAL,Тарелка бол,Посуда,2,220,2
358,11bCrH0sAL,Ручка красная,Канцтовары,3,50,11
359,11Mq3kKVYJ,Отвертка - мал,Инструменты,3,80,0
360,11WZpRZp9d,Плоскогубцы,Инструменты,2,320,10
361,11WZpRZp9d,Наволочка прямоугольная,Текстиль,2,650,0
362,11eMIGrBgD,Плоскогубцы,Инструменты,3,320,6
363,11eMIGrBgD,Простынь 1.5,Текстиль,4,1500,0
364,11B0JQmyVq,Пододеяльник 1.5,Текстиль,5,1700,0
365,11B0JQmyVq,Бокорезы,Инструменты,2,300,0
366,11RT51Hg5Q,Fairy моющее средство,Бытовая химия,3,150,0
367,11e8C14JtV,Малярный скотч,Канцтовары,1,60,0
368,11e8C14JtV,Простынь 1.5,Текстиль,3,1500,0
369,11VLYU96Kr,Пододеяльник 2,Текстиль,2,2200,15
370,11RvRozQFD,Ручка красная,Канцтовары,1,50,0
371,11KxsCyu1Y,Ручка зеленая,Канцтовары,2,50,4
372,11KxsCyu1Y,Стакан синий,Посуда,2,220,13
373,115NUi3fop,AOS моющее средство,Бытовая химия,1,130,0
374,115NUi3fop,Наволочка прямоугольная,Текстиль,3,650,2
375,11Z8HGeYLl,Простынь 1,Текстиль,3,1200,12
376,11Z8HGeYLl,Полотенце мал,Текстиль,3,500,0
377,11taghYOpv,Отвертка + бол,Инструменты,3,130,7
378,11taghYOpv,Пододеяльник 1,Текстиль,5,1500,1
379,11uqHGbtXz,Fairy моющее средство,Бытовая химия,4,150,4
380,11uqHGbtXz,Простынь 1,Текстиль,4,1200,0
381,11SD2unsPN,Крот средство от засоров,Бытовая химия,2,120,0
382,111b0nKXJt,AOS моющее средство,Бытовая химия,2,130,0
383,11Qro5YJ3S,Отвертка - мал,Инструменты,1,80,0
384,11Qro5YJ3S,Отвертка + бол,Инструменты,2,130,9
385,11WcDkMOpL,Бокорезы,Инструменты,3,300,0
386,11UTF0pJZx,Fairy моющее средство,Бытовая химия,5,150,0
387,11dUxRT7Gm,Канцелярский нож,Канцтовары,2,80,0
388,11dUxRT7Gm,Пододеяльник 1,Текстиль,4,1500,4
389,11rzWHej1X,Стакан черный,Посуда,3,220,0
390,11rzWHej1X,Тарелка мал,Посуда,4,150,0
391,11ACFZqrVF,Плоскогубцы,Инструменты,3,320,0
392,11vgUrtJrH,Набор блюдец,Посуда,1,470,0
393,11vgUrtJrH,Пододеяльник 1,Текстиль,4,1500,8
394,11q5JEWyzL,Пододеяльник 2,Текстиль,4,2200,5
395,11q5JEWyzL,Канцелярский нож,Канцтовары,3,80,0
396,11mcXwVBPS,Отвертка - бол,Инструменты,5,130,0
397,11mcXwVBPS,Отвертка + бол,Инструменты,5,130,15
398,11HmZAilnF,Канцелярский нож,Канцтовары,5,80,0
399,119K3aGMGE,Comet чистящее средство,Бытовая химия,5,170,12
400,119K3aGMGE,Канцелярский нож,Канцтовары,3,80,0
401,11CUUWHE4h,Ручка красная,Канцтовары,4,50,3
402,11SLSLUXry,Тарелка бол,Посуда,1,220,0
403,11SLSLUXry,Крот средство от засоров,Бытовая химия,1,120,0
404,11lmCDDMg8,Пододеяльник 1,Текстиль,2,1500,0
405,11lmCDDMg8,Полотенце бол,Текстиль,2,1100,8
406,11IkrwtHwx,Канцелярский нож,Канцтовары,5,80,0
407,11IkrwtHwx,Fairy моющее средство,Бытовая химия,2,150,12
408,11DwCQFaWz,Бокорезы,Инструменты,3,300,0
409,11DwCQFaWz,Ручка зеленая,Канцтовары,5,50,0
410,113nVz4bCl,Крот средство от засоров,Бытовая химия,1,120,6
411,113nVz4bCl,Отвертка - бол,Инструменты,3,130,1
412,11tCO6UitG,Отвертка + бол,Инструменты,1,130,0
413,118xTlqRxA,Ручка синяя,Канцтовары,5,50,0
414,118xTlqRxA,Простынь 1,Текстиль,4,1200,10
415,11qThDKDxM,Набор блюдец,Посуда,4,470,0
416,11qThDKDxM,Fairy моющее средство,Бытовая химия,2,150,0
417,110EpOhMLc,Ручка красная,Канцтовары,5,50,8
418,11rbXecd9c,Бокорезы,Инструменты,3,300,0
419,11mI618uTI,Ручка синяя,Канцтовары,3,50,0
420,11rQPyQWVe,Отвертка - бол,Инструменты,1,130,0
421,111IfZkR5o,Отвертка + мал,Инструменты,4,80,0
422,11YFwdi3Ld,Малярный скотч,Канцтовары,1,60,0
423,11YFwdi3Ld,Простынь 1,Текстиль,4,1200,0
424,11rerbcfQn,Полотенце бол,Текстиль,5,1100,0
425,111kQZagYh,Ручка красная,Канцтовары,5,50,0
426,11zcRjdQpI,Плоскогубцы,Инструменты,5,320,15
427,11tNZTqS9q,Ручка красная,Канцтовары,4,50,0
428,114EUAeiKw,Тарелка бол,Посуда,3,220,0
429,114EUAeiKw,Отвертка + мал,Инструменты,5,80,7
430,11AuvUuwir,Наволочка прямоугольная,Текстиль,5,650,11
431,11ERVElvDL,AOS моющее средство,Бытовая химия,4,130,0
432,11ERVElvDL,Наволочка прямоугольная,Текстиль,5,650,1
433,11wTjzJ945,Полотенце мал,Текстиль,2,500,0
434,11wTjzJ945,Плоскогубцы,Инструменты,1,320,14
435,11AlPy9Y6Q,Полотенце мал,Текстиль,2,500,0
436,11AlPy9Y6Q,Крот средство от засоров,Бытовая химия,5,120,0
437,117Y9ngOIa,Полотенце бол,Текстиль,2,1100,6
438,117Y9ngOIa,Бумага 100 листов,Канцтовары,3,600,0
439,11yCcG3kRt,Отвертка + мал,Инструменты,5,80,0
440,11yCcG3kRt,Плоскогубцы,Инструменты,1,320,0
441,111PnR4mk0,Пододеяльник 1,Текстиль,2,1500,0
442,111PnR4mk0,Крот средство от засоров,Бытовая химия,5,120,10
443,11zloIhRQ5,Тарелка бол,Посуда,2,220,0
444,117h6uBDLt,Бумага 100 листов,Канцтовары,2,600,0
445,117h6uBDLt,Простынь 2,Текстиль,4,2100,0
446,11jujYsZlM,Наволочка прямоугольная,Текстиль,4,650,0
447,11m5zPQ27x,Отвертка + мал,Инструменты,5,80,0
448,11t6XslwCQ,Отвертка + бол,Инструменты,3,130,0
449,11t6XslwCQ,Стакан синий,Посуда,5,220,13
450,11NykbjDr5,Крот средство от засоров,Бытовая химия,2,120,0
451,11EqINbRb2,Простынь 1,Текстиль,2,1200,0
452,11fJJhWD7I,Простынь 1.5,Текстиль,1,1500,13
453,11fJJhWD7I,Простынь 2,Текстиль,1,2100,0
454,117OHdPhtk,Comet чистящее средство,Бытовая химия,4,170,13
455,117OHdPhtk,Крот средство от засоров,Бытовая химия,3,120,2
456,11Fi9HCbKG,Отвертка + мал,Инструменты,2,80,0
457,11Fi9HCbKG,Малярный скотч,Канцтовары,3,60,0
458,11T1m51bJq,Стакан черный,Посуда,5,220,15
459,11T1m51bJq,Простынь 1.5,Текстиль,2,1500,0
460,11dbzGS6WD,Отвертка + бол,Инструменты,2,130,0
461,11WVY5y5Qm,Comet чистящее средство,Бытовая химия,2,170,0
462,11emJOA1Fi,Пододеяльник 2,Текстиль,5,2200,0
463,11csdHLC21,Отвертка - мал,Инструменты,5,80,8
464,115zzswR96,Пододеяльник 2,Текстиль,1,2200,0
465,11G925Yalk,AOS моющее средство,Бытовая химия,3,130,0
466,11G925Yalk,Набор кастрюль,Посуда,2,3500,5
467,11bsgg85fi,Простынь 2,Текстиль,4,2100,0
468,11Sy4KKqbc,Пододеяльник 1.5,Текстиль,1,1700,0
469,11QBBoxn7L,Бумага 100 листов,Канцтовары,1,600,13
470,11QBBoxn7L,Полотенце бол,Текстиль,4,1100,2
471,118R2DWzQH,Набор блюдец,Посуда,5,470,12
472,110ilUlGCw,Ручка синяя,Канцтовары,3,50,0
473,110ilUlGCw,Стакан синий,Посуда,5,220,3
474,11nZpTQV2E,Простынь 1.5,Текстиль,4,1500,0
475,11nZpTQV2E,Полотенце мал,Текстиль,5,500,0
476,11uu5cvcrN,AOS моющее средство,Бытовая химия,1,130,0
477,11uu5cvcrN,Полотенце бол,Текстиль,1,1100,0
478,110IiMBVQb,Наволочка прямоугольная,Текстиль,5,650,3
479,110IiMBVQb,Набор кастрюль,Посуда,3,3500,0
480,11a1wHU0F1,Пододеяльник 2,Текстиль,5,2200,0
481,11a1wHU0F1,Отвертка - бол,Инструменты,1,130,0
482,11xMzQ9ick,Бокорезы,Инструменты,4,300,0
483,11xMzQ9ick,Пододеяльник 1.5,Текстиль,3,1700,0
484,11RnaZsYxc,Набор кастрюль,Посуда,5,3500,15
485,115h760QSj,Полотенце мал,Текстиль,5,500,0
486,115h760QSj,Крот средство от засоров,Бытовая химия,1,120,9
487,11RbbyYyYE,Отвертка + бол,Инструменты,2,130,6
488,11z3fMSRXd,Стакан черный,Посуда,3,220,0
489,11biHEQmT5,Наволочка квадратная,Текстиль,1,600,0
490,11mveWZlNg,Ручка синяя,Канцтовары,2,50,3
491,116CFUoxxp,Стакан синий,Посуда,5,220,3
492,11odliFiMu,Пододеяльник 2,Текстиль,5,2200,0
493,11odliFiMu,Набор кастрюль,Посуда,1,3500,12
494,11KvBEPGJU,Отвертка - бол,Инструменты,5,130,3
495,11cd6V1w4Q,Тарелка бол,Посуда,5,220,0
496,11cd6V1w4Q,Ручка синяя,Канцтовары,4,50,2
497,11MgiAVe70,Бокорезы,Инструменты,2,300,0
498,11MgiAVe70,Пододеяльник 1.5,Текстиль,2,1700,0
499,11rpnYPCzl,Канцелярский нож,Канцтовары,2,80,0
500,118h9fsJzY,Простынь 1,Текстиль,3,1200,0
501,116iULSfsu,Плоскогубцы,Инструменты,5,320,0
502,11W9WzctEp,Тарелка мал,Посуда,5,150,0
503,11k4u4Rd8W,Простынь 2,Текстиль,3,2100,15
504,11k4u4Rd8W,Бумага 100 листов,Канцтовары,5,600,0
505,11MINdM5Wn,Пододеяльник 1,Текстиль,2,1500,12
506,11jHuATVsA,Набор блюдец,Посуда,2,470,0
507,11jkOJ4Ll1,Пододеяльник 2,Текстиль,5,2200,0
508,11jkOJ4Ll1,Ручка синяя,Канцтовары,4,50,13
509,11815XqAv2,Полотенце мал,Текстиль,5,500,0
510,11FFLohAeZ,Отвертка - мал,Инструменты,4,80,0
511,11G91JO569,Пододеяльник 1,Текстиль,5,1500,0
512,11G91JO569,Ручка красная,Канцтовары,4,50,0
513,11lLu8CllM,Тарелка мал,Посуда,3,150,0
514,1115ggHYLX,Отвертка - мал,Инструменты,1,80,0
515,11F3AL4hnf,Пододеяльник 1,Текстиль,5,1500,0
516,11F3AL4hnf,Крот средство от засоров,Бытовая химия,3,120,0
517,119Du0OKss,Стакан черный,Посуда,5,220,0
518,119Du0OKss,Простынь 1.5,Текстиль,4,1500,2
519,110HWdZnUQ,Пододеяльник 2,Текстиль,4,2200,9
520,110HWdZnUQ,Крот средство от засоров,Бытовая химия,3,120,0
521,11zTk2avpP,Ручка зеленая,Канцтовары,4,50,0
522,11zTk2avpP,Тарелка мал,Посуда,1,150,12
523,11iaFHungd,Набор блюдец,Посуда,1,470,0
524,11cBNWKzsA,Отвертка - мал,Инструменты,1,80,0
525,11JOodwT3y,Ручка красная,Канцтовары,5,50,9
526,11lAv9PrU4,Тарелка мал,Посуда,5,150,15
527,11lAv9PrU4,Ручка красная,Канцтовары,5,50,0
528,11ZzTs2ZJx,Стакан черный,Посуда,3,220,0
529,11ZzTs2ZJx,Стакан синий,Посуда,3,220,0
530,11T5NVqTX9,AOS моющее средство,Бытовая химия,1,130,0
531,11T5NVqTX9,Ручка синяя,Канцтовары,1,50,4
532,11eFzOC81z,Бокорезы,Инструменты,5,300,0
533,11eFzOC81z,Тарелка мал,Посуда,5,150,13
534,11huCkhgo8,Тарелка бол,Посуда,3,220,2
535,11huCkhgo8,Стакан синий,Посуда,2,220,0
536,11oHOaRwfp,Пододеяльник 2,Текстиль,5,2200,0
537,11FUC8pOJZ,Полотенце мал,Текстиль,1,500,15
538,11FUC8pOJZ,Малярный скотч,Канцтовары,3,60,0
539,11dTPtlkOm,Тарелка бол,Посуда,1,220,0
540,11NPebMrYQ,Полотенце бол,Текстиль,3,1100,0
541,11NPebMrYQ,Простынь 2,Текстиль,1,2100,4
542,11qf3HdL3J,Fairy моющее средство,Бытовая химия,5,150,0
543,114JNrlgP3,Полотенце мал,Текстиль,5,500,0
544,11K8ZqoyXz,Стакан черный,Посуда,1,220,0
545,11bQZws57M,Наволочка квадратная,Текстиль,5,600,0
546,11Zo5oNOoc,Fairy моющее средство,Бытовая химия,3,150,14
547,1103vF38kI,Набор кастрюль,Посуда,3,3500,1
548,11i36CH4w3,Полотенце бол,Текстиль,2,1100,0
549,11i36CH4w3,Fairy моющее средство,Бытовая химия,3,150,0
550,11deiEpDFu,Набор кастрюль,Посуда,4,3500,0
551,11jIU2LoSf,Ручка синяя,Канцтовары,2,50,1
552,11hx92WILO,Наволочка квадратная,Текстиль,2,600,0
553,11Dwus244j,Ручка зеленая,Канцтовары,2,50,11
554,11Dwus244j,Отвертка - бол,Инструменты,2,130,0
555,11SqfqP4rZ,Тарелка мал,Посуда,5,150,5
556,11vVm5puMc,Стакан синий,Посуда,2,220,14
557,11vVm5puMc,Крот средство от засоров,Бытовая химия,3,120,0
558,11VIS2vzfS,AOS моющее средство,Бытовая химия,2,130,0
559,111ElDE7LY,Наволочка квадратная,Текстиль,4,600,0
560,111ElDE7LY,Стакан синий,Посуда,5,220,0
561,11aw9SnUvm,Полотенце мал,Текстиль,1,500,0
562,118ZB7l265,Простынь 1.5,Текстиль,4,1500,1
563,118ZB7l265,Ручка синяя,Канцтовары,5,50,0
564,11Dyw25hNz,Отвертка - мал,Инструменты,2,80,0
565,11dVFb7TQO,Отвертка - бол,Инструменты,4,130,11
566,11dVFb7TQO,Ручка зеленая,Канцтовары,5,50,0
567,11NjH2uiii,Плоскогубцы,Инструменты,3,320,11
568,11NjH2uiii,Ручка синяя,Канцтовары,5,50,8
569,11fUizU8fN,Крот средство от засоров,Бытовая химия,1,120,0
570,11c1zJY3pb,Отвертка + бол,Инструменты,1,130,0
571,11c1zJY3pb,Набор блюдец,Посуда,2,470,0
572,11Eiq1ivcZ,Плоскогубцы,Инструменты,5,320,11
573,11Eiq1ivcZ,Стакан синий,Посуда,4,220,0
574,11ZoMHUrGe,Плоскогубцы,Инструменты,3,320,0
575,11ZoMHUrGe,Бокорезы,Инструменты,1,300,0
576,11ffww6MW3,Отвертка + мал,Инструменты,1,80,4
577,11ffww6MW3,Стакан черный,Посуда,1,220,10
578,11jrtVjJOm,Бумага 100 листов,Канцтовары,3,600,15
579,11jrtVjJOm,Пододеяльник 1.5,Текстиль,5,1700,0
580,11criOVB54,Стакан черный,Посуда,5,220,0
581,11criOVB54,Тарелка мал,Посуда,2,150,0
582,1166YTGwWL,Пододеяльник 1.5,Текстиль,2,1700,0
583,1166YTGwWL,Отвертка + мал,Инструменты,2,80,0
584,11hKuBJ1jF,Канцелярский нож,Канцтовары,5,80,0
585,11xWDWBw3o,Ручка зеленая,Канцтовары,4,50,13
586,11xWDWBw3o,Отвертка - бол,Инструменты,1,130,0
587,11cQ6mu8b6,Тарелка бол,Посуда,4,220,0
588,119SwjxcD8,Стакан синий,Посуда,1,220,0
589,11250DPwUi,Fairy моющее средство,Бытовая химия,5,150,2
590,11I6ygPyvb,Бокорезы,Инструменты,3,300,0
591,11I6ygPyvb,Отвертка + бол,Инструменты,1,130,0
592,11yESDtEXs,Наволочка квадратная,Текстиль,3,600,0
593,114vi1IjZ3,Крот средство от засоров,Бытовая химия,1,120,0
594,114vi1IjZ3,AOS моющее средство,Бытовая химия,4,130,2
595,111n1IWJSx,Набор блюдец,Посуда,1,470,0
596,112VXb1RFz,Полотенце мал,Текстиль,3,500,1
597,112VXb1RFz,Простынь 1.5,Текстиль,1,1500,0
598,11fVdO5xPL,Набор кастрюль,Посуда,3,3500,3
599,11E8lcSJV6,Ручка красная,Канцтовары,3,50,0
600,11E8lcSJV6,Простынь 1.5,Текстиль,1,1500,0
601,11fxjrLjP2,Отвертка - бол,Инструменты,1,130,0
602,11fxjrLjP2,Пододеяльник 1.5,Текстиль,5,1700,0
603,11i4MsapDL,Тарелка бол,Посуда,1,220,0
604,11i4MsapDL,Простынь 2,Текстиль,1,2100,0
605,11BuBJrv4p,Полотенце мал,Текстиль,5,500,0
606,11TCpHgN9N,Fairy моющее средство,Бытовая химия,2,150,0
607,11T0rKobR1,Малярный скотч,Канцтовары,5,60,0
608,11GxpovbZx,Fairy моющее средство,Бытовая химия,1,150,12
609,11GxpovbZx,Отвертка - мал,Инструменты,2,80,11
610,11Jd3uw6Mb,AOS моющее средство,Бытовая химия,3,130,0
611,11Jd3uw6Mb,Наволочка прямоугольная,Текстиль,4,650,11
612,11ZRIeCbMj,Пододеяльник 1.5,Текстиль,4,1700,1
613,119sJZ3v6y,Отвертка + бол,Инструменты,5,130,0
614,11Vv9n3zRt,Comet чистящее средство,Бытовая химия,4,170,1
615,11swcL3Ni5,Тарелка бол,Посуда,1,220,0
616,11YvBPekni,Наволочка прямоугольная,Текстиль,3,650,0
617,11K0yJrNe8,Бокорезы,Инструменты,1,300,0
618,11HcYeEoat,Полотенце бол,Текстиль,5,1100,10
619,11wtT4TlQK,Полотенце мал,Текстиль,4,500,7
620,11wtT4TlQK,Полотенце бол,Текстиль,3,1100,0
621,11MAO0l4Ll,Comet чистящее средство,Бытовая химия,4,170,0
622,11rU8Krlvi,Пододеяльник 2,Текстиль,4,2200,0
623,11rU8Krlvi,Наволочка квадратная,Текстиль,4,600,0
624,11KoagZZcl,Отвертка + мал,Инструменты,1,80,0
625,11KoagZZcl,Стакан черный,Посуда,5,220,2
626,11F0D1ZVvh,Отвертка - мал,Инструменты,2,80,0
627,11dLkkFOG0,Полотенце мал,Текстиль,3,500,12
628,11p7BR5MGR,Бокорезы,Инструменты,2,300,0
629,11p7BR5MGR,Тарелка мал,Посуда,3,150,0
630,11IsmRfESE,Тарелка бол,Посуда,5,220,0
631,11LKVklQ3s,Comet чистящее средство,Бытовая химия,4,170,3
632,11Z9xNXrLn,Малярный скотч,Канцтовары,3,60,0
633,11OXI74Vml,Отвертка - бол,Инструменты,2,130,0
634,11KXTS6mUA,AOS моющее средство,Бытовая химия,4,130,0
635,11FkgLjuQ3,Ручка красная,Канцтовары,2,50,0
636,11POqyCqA9,Fairy моющее средство,Бытовая химия,3,150,2
637,11Zli23TMP,Простынь 1.5,Текстиль,5,1500,0
638,11R4fpvCbJ,Отвертка + мал,Инструменты,4,80,0
639,11uEcAlY1T,Простынь 1,Текстиль,2,1200,0
640,11uEcAlY1T,Набор блюдец,Посуда,1,470,0
641,11rsTQw7LE,Бокорезы,Инструменты,3,300,9
642,11rsTQw7LE,Отвертка - мал,Инструменты,3,80,0
643,118DvtRlPp,Канцелярский нож,Канцтовары,2,80,0
644,118DvtRlPp,Отвертка + бол,Инструменты,5,130,0
645,11fWr7vDzY,Пододеяльник 1.5,Текстиль,5,1700,0
646,11fWr7vDzY,Отвертка + мал,Инструменты,5,80,0
647,11c7o1g2I2,Отвертка - бол,Инструменты,3,130,9
648,11jvSNjO52,Ручка зеленая,Канцтовары,2,50,0
649,11jvSNjO52,Отвертка - мал,Инструменты,2,80,8
650,11QfqUdKwW,Ручка зеленая,Канцтовары,3,50,11
651,11QfqUdKwW,Отвертка + бол,Инструменты,5,130,0
652,11fhKp1g7F,Отвертка - бол,Инструменты,2,130,12
653,11fhKp1g7F,Fairy моющее средство,Бытовая химия,1,150,0
654,11WRkxXEFX,Малярный скотч,Канцтовары,2,60,15
655,11WRkxXEFX,Тарелка бол,Посуда,2,220,0
656,11NQAg8fLq,Полотенце бол,Текстиль,2,1100,7
657,11NQAg8fLq,Пододеяльник 2,Текстиль,3,2200,0
658,11qhSW64Ww,Малярный скотч,Канцтовары,4,60,4
659,11PbmMdvDi,Простынь 2,Текстиль,5,2100,11
660,11fJZknR02,Отвертка + мал,Инструменты,5,80,0
661,11fJZknR02,Comet чистящее средство,Бытовая химия,3,170,0
662,11DFkHi5Sm,Набор блюдец,Посуда,1,470,14
663,11DFkHi5Sm,Пододеяльник 2,Текстиль,3,2200,7
664,11begQMyel,Стакан синий,Посуда,5,220,7
665,11begQMyel,Плоскогубцы,Инструменты,3,320,11
666,11Nk8dXEHR,Канцелярский нож,Канцтовары,2,80,2
667,11UvDC9A57,Набор кастрюль,Посуда,5,3500,0
668,11UvDC9A57,Ручка красная,Канцтовары,2,50,0
669,11FMAALitA,Простынь 2,Текстиль,2,2100,13
670,11J2r5NmIS,Тарелка мал,Посуда,4,150,6
671,11J2r5NmIS,Ручка зеленая,Канцтовары,4,50,0
672,11G3mtOInC,Отвертка + бол,Инструменты,5,130,6
673,11Q1CvUlA5,Набор кастрюль,Посуда,4,3500,0
674,11NP0JPGV7,Отвертка - бол,Инструменты,1,130,0
675,11NP0JPGV7,Простынь 1,Текстиль,2,1200,8
676,11OtI0qxoM,Наволочка квадратная,Текстиль,2,600,9
677,110e5wrFKL,AOS моющее средство,Бытовая химия,3,130,0
678,110e5wrFKL,Плоскогубцы,Инструменты,1,320,0
679,11aR01HQY5,Простынь 1,Текстиль,5,1200,4
680,11XeD81PPh,Отвертка - бол,Инструменты,4,130,7
681,113ZjIjYRA,Стакан синий,Посуда,3,220,0
682,113ZjIjYRA,Отвертка + бол,Инструменты,3,130,0
683,11aJ0asvYT,Отвертка + мал,Инструменты,5,80,0
684,11aJ0asvYT,Отвертка + бол,Инструменты,2,130,0
685,11FN8301YE,Отвертка - мал,Инструменты,4,80,0
686,11y7B7uShs,Малярный скотч,Канцтовары,2,60,7
687,11y7B7uShs,Бокорезы,Инструменты,3,300,0
688,117HpbgbtF,Наволочка квадратная,Текстиль,4,600,0
689,11eugLdeBy,Наволочка прямоугольная,Текстиль,5,650,11
690,11eugLdeBy,Полотенце бол,Текстиль,2,1100,5
691,11mfywX3XL,Набор блюдец,Посуда,4,470,0
692,11a48AKDQC,Тарелка мал,Посуда,5,150,0
693,11a48AKDQC,Простынь 1,Текстиль,4,1200,0
694,11okgsRFoF,Полотенце мал,Текстиль,1,500,12
695,11xoFomSjy,Отвертка + мал,Инструменты,5,80,6
696,11xoFomSjy,Простынь 1,Текстиль,3,1200,0
697,11TB3rpYQe,Пододеяльник 2,Текстиль,5,2200,12
698,11mcH84VuN,Пододеяльник 1.5,Текстиль,1,1700,8
699,11mcH84VuN,Малярный скотч,Канцтовары,4,60,1
700,11GIfbIdQs,Тарелка мал,Посуда,3,150,0
701,11GIfbIdQs,Отвертка - мал,Инструменты,1,80,0
702,118SNyfEqC,Отвертка - бол,Инструменты,1,130,15
703,11xLYMAG0Y,Пододеяльник 2,Текстиль,1,2200,0
704,11xLYMAG0Y,Comet чистящее средство,Бытовая химия,3,170,0
705,11H7kc2O3t,Крот средство от засоров,Бытовая химия,1,120,0
706,11OuOX1PkZ,Отвертка + мал,Инструменты,2,80,0
707,11llph5f5j,Полотенце бол,Текстиль,1,1100,0
708,11m3Ia3P3P,Пододеяльник 2,Текстиль,1,2200,0
709,11m3Ia3P3P,Наволочка прямоугольная,Текстиль,2,650,0
710,11p8Jnc6bR,Полотенце мал,Текстиль,3,500,0
711,11p8Jnc6bR,Наволочка квадратная,Текстиль,3,600,0
712,11Vo8HB4W0,Ручка синяя,Канцтовары,1,50,12
713,11Vo8HB4W0,Отвертка + мал,Инструменты,3,80,0
714,11JzN9pBYf,Пододеяльник 1.5,Текстиль,4,1700,0
715,11dOr9KHwM,Отвертка - бол,Инструменты,5,130,0
716,11Ydxnz8ck,Fairy моющее средство,Бытовая химия,1,150,0
717,11friJLqmJ,Отвертка + мал,Инструменты,1,80,4
718,11friJLqmJ,Тарелка мал,Посуда,1,150,8
719,11OR8vJJIJ,Ручка зеленая,Канцтовары,4,50,9
720,11nVA5yehd,Стакан синий,Посуда,1,220,0
721,11nVA5yehd,Fairy моющее средство,Бытовая химия,4,150,0
722,11KO4HXUC3,Пододеяльник 1.5,Текстиль,4,1700,0
723,11KO4HXUC3,Отвертка + бол,Инструменты,5,130,0
724,11QoXkixAF,AOS моющее средство,Бытовая химия,2,130,0
725,11QoXkixAF,Пододеяльник 2,Текстиль,5,2200,10
726,11vkKZwZDN,Крот средство от засоров,Бытовая химия,5,120,0
727,11A8b8ekJw,Канцелярский нож,Канцтовары,3,80,0
728,11hB2wytC4,Плоскогубцы,Инструменты,1,320,0
729,114yU4OIXq,Канцелярский нож,Канцтовары,5,80,10
730,113EPlO3WK,Наволочка квадратная,Текстиль,1,600,15
731,113EPlO3WK,Отвертка - бол,Инструменты,5,130,15
732,11wbWWyhrN,Отвертка + мал,Инструменты,1,80,14
733,11HbNVP2mN,Ручка красная,Канцтовары,2,50,0
734,11HbNVP2mN,Fairy моющее средство,Бытовая химия,1,150,0
735,11QRmfmsHg,Пододеяльник 2,Текстиль,1,2200,0
736,11QRmfmsHg,Отвертка + бол,Инструменты,3,130,0
737,11Gq0OEUlA,Полотенце мал,Текстиль,1,500,4
738,11QxWIQUuI,Плоскогубцы,Инструменты,3,320,0
739,11QxWIQUuI,Ручка зеленая,Канцтовары,5,50,2
740,118zf1stET,Ручка синяя,Канцтовары,1,50,6
741,11FjzmgSK7,Отвертка - мал,Инструменты,1,80,0
742,11pr0ffIks,Тарелка мал,Посуда,5,150,13
743,11pr0ffIks,Простынь 1.5,Текстиль,2,1500,12
744,11GK8rvBbo,Ручка красная,Канцтовары,1,50,0
745,11GK8rvBbo,Отвертка + бол,Инструменты,2,130,0
746,11jU07pIox,Отвертка - мал,Инструменты,3,80,8
747,11jU07pIox,Fairy моющее средство,Бытовая химия,1,150,0
748,11TUFEI4tu,Ручка зеленая,Канцтовары,1,50,0
749,11tfb5U9Ys,Канцелярский нож,Канцтовары,4,80,4
750,11tfb5U9Ys,Пододеяльник 1.5,Текстиль,4,1700,2
751,11XLijmKmT,Бумага 100 листов,Канцтовары,4,600,0
752,11XLijmKmT,Полотенце бол,Текстиль,3,1100,0
753,11CPEgMp6g,Отвертка + бол,Инструменты,3,130,0
754,11CPEgMp6g,Тарелка бол,Посуда,4,220,0
755,11Gi7jrvla,Отвертка - мал,Инструменты,3,80,0
756,1111pJWL1F,Fairy моющее средство,Бытовая химия,2,150,0
757,1111pJWL1F,Стакан синий,Посуда,5,220,14
758,11ePATp7WQ,Набор блюдец,Посуда,2,470,0
759,11ePATp7WQ,Простынь 1.5,Текстиль,1,1500,0
760,11JcMSFNpz,Отвертка + бол,Инструменты,5,130,0
761,11JcMSFNpz,Полотенце бол,Текстиль,5,1100,12
762,11aJoLVTU9,Набор кастрюль,Посуда,5,3500,0
763,11nep3b4D6,Плоскогубцы,Инструменты,1,320,0
764,11JQO1oUF8,Набор блюдец,Посуда,5,470,6
765,11Zvm5T3zM,Бумага 100 листов,Канцтовары,4,600,0
766,11Zvm5T3zM,Бокорезы,Инструменты,1,300,0
767,110MPpP1wR,Fairy моющее средство,Бытовая химия,3,150,0
768,11pCHdVxrd,Пододеяльник 1.5,Текстиль,5,1700,1
769,11xaicgxBu,Пододеяльник 2,Текстиль,5,2200,14
770,11KFLGrkMn,Простынь 1,Текстиль,4,1200,0
771,11KFLGrkMn,Наволочка прямоугольная,Текстиль,2,650,15
772,119u36gpL2,Ручка синяя,Канцтовары,2,50,11
773,11uw6hrZsU,Ручка зеленая,Канцтовары,4,50,0
774,11yat6NDpN,Пододеяльник 1,Текстиль,3,1500,0
775,11yat6NDpN,Тарелка мал,Посуда,5,150,0
776,11WyvHaxQ7,Пододеяльник 1.5,Текстиль,4,1700,0
777,116fAcefxL,Наволочка квадратная,Текстиль,3,600,4
778,11mlnBdWg7,Ручка красная,Канцтовары,3,50,0
779,1163f6O3TX,Наволочка прямоугольная,Текстиль,2,650,15
780,1163f6O3TX,Тарелка мал,Посуда,5,150,13
781,11wLPId5ey,Отвертка + бол,Инструменты,2,130,0
782,11Bmds8GOz,Пододеяльник 1.5,Текстиль,5,1700,0
783,11KEsEBkDj,Плоскогубцы,Инструменты,3,320,0
784,11pGLGYqnm,Ручка синяя,Канцтовары,3,50,2
785,11pGLGYqnm,Пододеяльник 2,Текстиль,3,2200,14
786,11cLY5sj3C,Бумага 100 листов,Канцтовары,5,600,5
787,11cLY5sj3C,Плоскогубцы,Инструменты,5,320,7
788,11YcTek970,Набор блюдец,Посуда,5,470,12
789,114Z0cv71Y,Набор кастрюль,Посуда,3,3500,12
790,114Z0cv71Y,Стакан синий,Посуда,3,220,9
791,11LpHLIwXV,Набор блюдец,Посуда,5,470,3
792,11LpHLIwXV,Стакан синий,Посуда,1,220,4
793,11vAQeE0VM,Отвертка - бол,Инструменты,4,130,0
794,11vAQeE0VM,Отвертка + бол,Инструменты,3,130,0
795,113qShNCeJ,Стакан синий,Посуда,1,220,0
796,113qShNCeJ,Comet чистящее средство,Бытовая химия,4,170,0
797,11iyNmYIeY,Малярный скотч,Канцтовары,5,60,0
798,11iyNmYIeY,Канцелярский нож,Канцтовары,4,80,4
799,11lXNkmL97,Простынь 2,Текстиль,2,2100,6
800,11lXNkmL97,Fairy моющее средство,Бытовая химия,2,150,7
801,11fFqrvpQN,Отвертка - бол,Инструменты,3,130,8
802,11fFqrvpQN,Стакан черный,Посуда,3,220,0
803,11tOQLIJ4n,Ручка зеленая,Канцтовары,2,50,0
804,11tOQLIJ4n,Простынь 2,Текстиль,4,2100,9
805,11mNlX0xdZ,Отвертка - бол,Инструменты,4,130,9
806,11JxYnBb6c,Пододеяльник 1.5,Текстиль,5,1700,0
807,11JxYnBb6c,Fairy моющее средство,Бытовая химия,1,150,0
808,11zlgz3EVq,Тарелка мал,Посуда,3,150,10
809,11V3QrPlw3,AOS моющее средство,Бытовая химия,2,130,14
810,11uwrSGgEa,Набор кастрюль,Посуда,4,3500,10
811,11uwrSGgEa,Малярный скотч,Канцтовары,2,60,2
812,11g1VxKMZj,Ручка зеленая,Канцтовары,2,50,0
813,11g1VxKMZj,Плоскогубцы,Инструменты,3,320,0
814,11ANTsjWNJ,Тарелка бол,Посуда,1,220,0
815,11xqcarxMD,Стакан черный,Посуда,5,220,0
816,11xuE2JZjb,Простынь 2,Текстиль,4,2100,0
817,11xuE2JZjb,Простынь 1.5,Текстиль,2,1500,0
818,118ViFCd3C,Бумага 100 листов,Канцтовары,3,600,0
819,11ZK6e6sBj,Comet чистящее средство,Бытовая химия,1,170,0
820,11ZK6e6sBj,Тарелка бол,Посуда,2,220,0
821,11BxXmezlu,Набор кастрюль,Посуда,1,3500,0
822,11BxXmezlu,Плоскогубцы,Инструменты,1,320,0
823,11IKgRmcvt,Ручка синяя,Канцтовары,1,50,7
824,11oC92giAv,Плоскогубцы,Инструменты,3,320,0
825,11oC92giAv,Полотенце мал,Текстиль,1,500,7
826,112FdHYSln,Отвертка + мал,Инструменты,4,80,0
827,11Fb9HvYLW,Пододеяльник 1,Текстиль,2,1500,0
828,11Fb9HvYLW,Бумага 100 листов,Канцтовары,4,600,0
829,11Unh2QpBn,Пододеяльник 1.5,Текстиль,5,1700,6
830,11Unh2QpBn,Ручка синяя,Канцтовары,3,50,8
831,11344P40oQ,Ручка зеленая,Канцтовары,1,50,0
832,11344P40oQ,Простынь 1.5,Текстиль,1,1500,0
833,11gDfmBVao,Полотенце мал,Текстиль,4,500,0
834,11V9QuWbGx,Тарелка бол,Посуда,1,220,0
835,11CUTqy76n,Бумага 100 листов,Канцтовары,3,600,0
836,11CUTqy76n,Простынь 1.5,Текстиль,1,1500,0
837,11hdP1eKpd,Стакан черный,Посуда,1,220,0
838,11AEMZMEmy,Полотенце бол,Текстиль,2,1100,0
839,11Qb2A7kid,Comet чистящее средство,Бытовая химия,1,170,5
840,11Qb2A7kid,Простынь 1.5,Текстиль,4,1500,7
841,11Mi0voMCK,Тарелка мал,Посуда,1,150,14
842,11YkM0lDZh,Полотенце бол,Текстиль,3,1100,3
843,11osV1emLO,Крот средство от засоров,Бытовая химия,4,120,7
844,11osV1emLO,Набор кастрюль,Посуда,2,3500,0
845,11PXvU6in6,Крот средство от засоров,Бытовая химия,2,120,0
846,11ogEeUFdd,AOS моющее средство,Бытовая химия,4,130,0
847,11ogEeUFdd,Полотенце бол,Текстиль,5,1100,8
